<application>
  <component name="FileTypeManager" version="17">
    <ignoreFiles list="*.hprof;*.iml;*.pyc;*.pyo;*.rbc;*.yarb;*~;.DS_Store;.git;.hg;.idea;.svn;CVS;__pycache__;_svn;vssver.scc;vssver2.scc;" />
    <extensionMap>
      <mapping pattern="Jenkinsfile" type="Groovy" />
      <mapping ext="adoc" type="Native" />
      <mapping pattern="wms上线执行sql" type="PLAIN_TEXT" />
      <mapping pattern="someUrls" type="PLAIN_TEXT" />
      <mapping pattern="userRecord.sql" type="PLAIN_TEXT" />
      <mapping ext="readconfig" type="XML" />
      <mapping pattern="my-component" type="Vue.js" />
    </extensionMap>
  </component>
</application>